baseline_rmse,baseline_mae,xgb_rmse,xgb_mae
6121.337880840728,4462.504548838668,7048.5575829385125,4890.513671875
